"","X","Y","FFMC","DMC","DC","ISI","temp","RH","wind","rain","area","log.Y","log.DC","log.RH","log.wind","log.area"
"1",7,5,86.2,26.2,94.3,5.1,8.2,51,6.7,0,0,1.6094379124341,4.55702981066016,3.93182563272433,1.90210752639692,0
"2",7,4,90.6,35.4,669.1,6.7,18,33,0.9,0,0,1.38629436111989,6.50742695497912,3.49650756146648,-0.105360515657826,0
"3",7,4,90.6,43.7,686.9,6.7,14.6,33,1.3,0,0,1.38629436111989,6.53364347853197,3.49650756146648,0.262364264467491,0
"4",8,6,91.7,33.3,77.5,9,8.3,97,4,0.2,0,1.79175946922805,4.36309862478836,4.57471097850338,1.38629436111989,0
"5",8,6,89.3,51.3,102.2,9.6,11.4,99,1.8,0,0,1.79175946922805,4.63666885304746,4.59511985013459,0.587786664902119,0
"6",8,6,92.3,85.3,488,14.7,22.2,29,5.4,0,0,1.79175946922805,6.19236248947487,3.36729582998647,1.68639895357023,0
"7",8,6,92.3,88.9,495.6,8.5,24.1,27,3.1,0,0,1.79175946922805,6.20778487307407,3.29583686600433,1.1314021114911,0
"8",8,6,91.5,145.4,608.2,10.7,8,86,2.2,0,0,1.79175946922805,6.41214662102101,4.45434729625351,0.78845736036427,0
"9",8,6,91,129.5,692.6,7,13.1,63,5.4,0,0,1.79175946922805,6.54189542546633,4.14313472639153,1.68639895357023,0
"10",7,5,92.5,88,698.6,7.1,22.8,40,4,0,0,1.6094379124341,6.55050874314445,3.68887945411394,1.38629436111989,0
"11",7,5,92.5,88,698.6,7.1,17.8,51,7.2,0,0,1.6094379124341,6.55050874314445,3.93182563272433,1.97408102602201,0
"12",7,5,92.8,73.2,713,22.6,19.3,38,4,0,0,1.6094379124341,6.57088296233958,3.63758615972639,1.38629436111989,0
"13",6,5,63.5,70.8,665.3,0.8,17,72,6.7,0,0,1.6094379124341,6.50174001956849,4.27666611901606,1.90210752639692,0
"14",6,5,90.9,126.5,686.5,7,21.3,42,2.2,0,0,1.6094379124341,6.53306182954073,3.73766961828337,0.78845736036427,0
"15",6,5,92.9,133.3,699.6,9.2,26.4,21,4.5,0,0,1.6094379124341,6.55193711076339,3.04452243772342,1.50407739677627,0
"16",6,5,93.3,141.2,713.9,13.9,22.9,44,5.4,0,0,1.6094379124341,6.57214267277281,3.78418963391826,1.68639895357023,0
"17",5,5,91.7,35.8,80.8,7.8,15.1,27,5.4,0,0,1.6094379124341,4.4042772436087,3.29583686600433,1.68639895357023,0
"18",8,5,84.9,32.8,664.2,3,16.7,47,4.9,0,0,1.6094379124341,6.50008774731877,3.85014760171006,1.58923520511658,0
"19",6,4,89.2,27.9,70.8,6.3,15.9,35,4,0,0,1.38629436111989,4.27388447605418,3.55534806148941,1.38629436111989,0
"20",6,4,86.3,27.4,97.1,5.1,9.3,44,4.5,0,0,1.38629436111989,4.58598736657132,3.78418963391826,1.50407739677627,0
"21",6,4,91,129.5,692.6,7,18.3,40,2.7,0,0,1.38629436111989,6.54189542546633,3.68887945411394,0.993251773010283,0
"22",5,4,91.8,78.5,724.3,9.2,19.1,38,2.7,0,0,1.38629436111989,6.58658536236937,3.63758615972639,0.993251773010283,0
"23",7,4,94.3,96.3,200,56.1,21,44,4.5,0,0,1.38629436111989,5.30330490805908,3.78418963391826,1.50407739677627,0
"24",7,4,90.2,110.9,537.4,6.2,19.5,43,5.8,0,0,1.38629436111989,6.28860177833052,3.76120011569356,1.75785791755237,0
"25",7,4,93.5,139.4,594.2,20.3,23.7,32,5.8,0,0,1.38629436111989,6.38889748351888,3.46573590279973,1.75785791755237,0
"26",7,4,91.4,142.4,601.4,10.6,16.3,60,5.4,0,0,1.38629436111989,6.40092167648568,4.0943445622221,1.68639895357023,0
"27",7,4,92.4,117.9,668,12.2,19,34,5.8,0,0,1.38629436111989,6.50578406012823,3.52636052461616,1.75785791755237,0
"28",7,4,90.9,126.5,686.5,7,19.4,48,1.3,0,0,1.38629436111989,6.53306182954073,3.87120101090789,0.262364264467491,0
"29",6,3,93.4,145.4,721.4,8.1,30.2,24,2.7,0,0,1.09861228866811,6.58257900210278,3.17805383034795,0.993251773010283,0
"30",6,3,93.5,149.3,728.6,8.1,22.8,39,3.6,0,0,1.09861228866811,6.59249643876012,3.66356164612965,1.28093384546206,0
"31",6,3,94.3,85.1,692.3,15.9,25.4,24,3.6,0,0,1.09861228866811,6.54146280594844,3.17805383034795,1.28093384546206,0
"32",6,3,88.6,91.8,709.9,7.1,11.2,78,7.6,0,0,1.09861228866811,6.56653177293544,4.35670882668959,2.02814824729229,0
"33",6,3,88.6,69.7,706.8,5.8,20.6,37,1.8,0,0,1.09861228866811,6.56216156791136,3.61091791264422,0.587786664902119,0
"34",6,3,91.7,75.6,718.3,7.8,17.7,39,3.6,0,0,1.09861228866811,6.57827851687331,3.66356164612965,1.28093384546206,0
"35",6,3,91.8,78.5,724.3,9.2,21.2,32,2.7,0,0,1.09861228866811,6.58658536236937,3.46573590279973,0.993251773010283,0
"36",6,3,90.3,80.7,730.2,6.3,18.2,62,4.5,0,0,1.09861228866811,6.59468702013994,4.12713438504509,1.50407739677627,0
"37",6,3,90.6,35.4,669.1,6.7,21.7,24,4.5,0,0,1.09861228866811,6.50742695497912,3.17805383034795,1.50407739677627,0
"38",7,4,90,41.5,682.6,8.7,11.3,60,5.4,0,0,1.38629436111989,6.52737295124144,4.0943445622221,1.68639895357023,0
"39",7,3,90.6,43.7,686.9,6.7,17.8,27,4,0,0,1.09861228866811,6.53364347853197,3.29583686600433,1.38629436111989,0
"40",4,4,88.1,25.7,67.6,3.8,14.1,43,2.7,0,0,1.38629436111989,4.22829253473184,3.76120011569356,0.993251773010283,0
"41",4,4,79.5,60.6,366.7,1.5,23.3,37,3.1,0,0,1.38629436111989,5.90726738830723,3.61091791264422,1.1314021114911,0
"42",4,4,90.2,96.9,624.2,8.9,18.4,42,6.7,0,0,1.38629436111989,6.43807159854732,3.73766961828337,1.90210752639692,0
"43",4,4,94.8,108.3,647.1,17,16.6,54,5.4,0,0,1.38629436111989,6.47404500543367,3.98898404656427,1.68639895357023,0
"44",4,4,92.5,88,698.6,7.1,19.6,48,2.7,0,0,1.38629436111989,6.55050874314445,3.87120101090789,0.993251773010283,0
"45",4,4,90.1,82.9,735.7,6.2,12.9,74,4.9,0,0,1.38629436111989,6.60218075368877,4.30406509320417,1.58923520511658,0
"46",5,6,94.3,85.1,692.3,15.9,25.9,24,4,0,0,1.79175946922805,6.54146280594844,3.17805383034795,1.38629436111989,0
"47",5,6,90.9,126.5,686.5,7,14.7,70,3.6,0,0,1.79175946922805,6.53306182954073,4.24849524204936,1.28093384546206,0
"48",6,6,94.2,62.3,442.9,11,23,36,3.1,0,0,1.79175946922805,6.09559931183999,3.58351893845611,1.1314021114911,0
"49",4,4,87.2,23.9,64.7,4.1,11.8,35,1.8,0,0,1.38629436111989,4.18509892549057,3.55534806148941,0.587786664902119,0
"50",4,4,87.6,52.2,103.8,5,11,46,5.8,0,0,1.38629436111989,4.65205377188694,3.8286413964891,1.75785791755237,0
"51",4,4,92.9,137,706.4,9.2,20.8,17,1.3,0,0,1.38629436111989,6.56159627677138,2.83321334405622,0.262364264467491,0
"52",4,3,90.2,99.6,631.2,6.3,21.5,34,2.2,0,0,1.09861228866811,6.44920579978152,3.52636052461616,0.78845736036427,0
"53",4,3,92.1,111.2,654.1,9.6,20.4,42,4.9,0,0,1.09861228866811,6.48478789573783,3.73766961828337,1.58923520511658,0
"54",4,3,92.1,111.2,654.1,9.6,20.4,42,4.9,0,0,1.09861228866811,6.48478789573783,3.73766961828337,1.58923520511658,0
"55",4,3,91.7,114.3,661.3,6.3,17.6,45,3.6,0,0,1.09861228866811,6.49571862549093,3.80666248977032,1.28093384546206,0
"56",4,3,92.9,137,706.4,9.2,27.7,24,2.2,0,0,1.09861228866811,6.56159627677138,3.17805383034795,0.78845736036427,0
"57",4,3,90.3,80.7,730.2,6.3,17.8,63,4.9,0,0,1.09861228866811,6.59468702013994,4.14313472639153,1.58923520511658,0
"58",4,3,92.6,46.5,691.8,8.8,13.8,50,2.7,0,0,1.09861228866811,6.54074135724823,3.91202300542815,0.993251773010283,0
"59",2,2,84,9.3,34,2.1,13.9,40,5.4,0,0,0.693147180559945,3.55534806148941,3.68887945411394,1.68639895357023,0
"60",2,2,86.6,13.2,43,5.3,12.3,51,0.9,0,0,0.693147180559945,3.78418963391826,3.93182563272433,-0.105360515657826,0
"61",2,2,89.3,51.3,102.2,9.6,11.5,39,5.8,0,0,0.693147180559945,4.63666885304746,3.66356164612965,1.75785791755237,0
"62",2,2,89.3,51.3,102.2,9.6,5.5,59,6.3,0,0,0.693147180559945,4.63666885304746,4.07753744390572,1.84054963339749,0
"63",2,2,93,75.3,466.6,7.7,18.8,35,4.9,0,0,0.693147180559945,6.14761322959791,3.55534806148941,1.58923520511658,0
"64",2,2,90.2,99.6,631.2,6.3,20.8,33,2.7,0,0,0.693147180559945,6.44920579978152,3.49650756146648,0.993251773010283,0
"65",2,2,91.1,103.2,638.8,5.8,23.1,31,3.1,0,0,0.693147180559945,6.46115562751542,3.43398720448515,1.1314021114911,0
"66",2,2,91.7,114.3,661.3,6.3,18.6,44,4.5,0,0,0.693147180559945,6.49571862549093,3.78418963391826,1.50407739677627,0
"67",2,2,92.4,117.9,668,12.2,23,37,4.5,0,0,0.693147180559945,6.50578406012823,3.61091791264422,1.50407739677627,0
"68",2,2,92.4,117.9,668,12.2,19.6,33,5.4,0,0,0.693147180559945,6.50578406012823,3.49650756146648,1.68639895357023,0
"69",2,2,92.4,117.9,668,12.2,19.6,33,6.3,0,0,0.693147180559945,6.50578406012823,3.49650756146648,1.84054963339749,0
"70",4,5,91.7,33.3,77.5,9,17.2,26,4.5,0,0,1.6094379124341,4.36309862478836,3.25809653802148,1.50407739677627,0
"71",4,5,91.2,48.3,97.8,12.5,15.8,27,7.6,0,0,1.6094379124341,4.59309760475382,3.29583686600433,2.02814824729229,0
"72",4,5,94.3,85.1,692.3,15.9,17.7,37,3.6,0,0,1.6094379124341,6.54146280594844,3.61091791264422,1.28093384546206,0
"73",5,4,91.7,33.3,77.5,9,15.6,25,6.3,0,0,1.38629436111989,4.36309862478836,3.2188758248682,1.84054963339749,0
"74",5,4,88.8,147.3,614.5,9,17.3,43,4.5,0,0,1.38629436111989,6.42243494562451,3.76120011569356,1.50407739677627,0
"75",5,4,93.3,141.2,713.9,13.9,27.6,30,1.3,0,0,1.38629436111989,6.57214267277281,3.40119738166216,0.262364264467491,0
"76",9,9,84.2,6.8,26.6,7.7,6.7,79,3.1,0,0,2.19722457733622,3.3178157727231,4.36944785246702,1.1314021114911,0
"77",9,9,86.6,13.2,43,5.3,15.7,43,3.1,0,0,2.19722457733622,3.78418963391826,3.76120011569356,1.1314021114911,0
"78",1,3,87.6,52.2,103.8,5,8.3,72,3.1,0,0,1.09861228866811,4.65205377188694,4.27666611901606,1.1314021114911,0
"79",1,2,90.1,108,529.8,12.5,14.7,66,2.7,0,0,0.693147180559945,6.27438530245805,4.18965474202643,0.993251773010283,0
"80",1,2,91,121.2,561.6,7,21.6,19,6.7,0,0,0.693147180559945,6.33256889605576,2.94443897916644,1.90210752639692,0
"81",1,2,91.4,142.4,601.4,10.6,19.5,39,6.3,0,0,0.693147180559945,6.40092167648568,3.66356164612965,1.84054963339749,0
"82",1,2,90.2,99.6,631.2,6.3,17.9,44,2.2,0,0,0.693147180559945,6.44920579978152,3.78418963391826,0.78845736036427,0
"83",1,2,94.8,108.3,647.1,17,18.6,51,4.5,0,0,0.693147180559945,6.47404500543367,3.93182563272433,1.50407739677627,0
"84",1,2,92.1,111.2,654.1,9.6,16.6,47,0.9,0,0,0.693147180559945,6.48478789573783,3.85014760171006,-0.105360515657826,0
"85",1,2,91.7,114.3,661.3,6.3,20.2,45,3.6,0,0,0.693147180559945,6.49571862549093,3.80666248977032,1.28093384546206,0
"86",1,2,92.9,137,706.4,9.2,21.5,15,0.9,0,0,0.693147180559945,6.56159627677138,2.70805020110221,-0.105360515657826,0
"87",1,2,92.9,137,706.4,9.2,25.4,27,2.2,0,0,0.693147180559945,6.56159627677138,3.29583686600433,0.78845736036427,0
"88",1,2,92.9,137,706.4,9.2,22.4,34,2.2,0,0,0.693147180559945,6.56159627677138,3.52636052461616,0.78845736036427,0
"89",1,2,93.5,149.3,728.6,8.1,25.3,36,3.6,0,0,0.693147180559945,6.59249643876012,3.58351893845611,1.28093384546206,0
"90",6,5,91.7,35.8,80.8,7.8,17.4,25,4.9,0,0,1.6094379124341,4.4042772436087,3.2188758248682,1.58923520511658,0
"91",6,5,90.2,96.9,624.2,8.9,14.7,59,5.8,0,0,1.6094379124341,6.43807159854732,4.07753744390572,1.75785791755237,0
"92",8,6,91.7,35.8,80.8,7.8,17.4,24,5.4,0,0,1.79175946922805,4.4042772436087,3.17805383034795,1.68639895357023,0
"93",8,6,92.3,85.3,488,14.7,20.8,32,6.3,0,0,1.79175946922805,6.19236248947487,3.46573590279973,1.84054963339749,0
"94",8,6,91.4,142.4,601.4,10.6,18.2,43,4.9,0,0,1.79175946922805,6.40092167648568,3.76120011569356,1.58923520511658,0
"95",8,6,91.1,103.2,638.8,5.8,23.4,22,2.7,0,0,1.79175946922805,6.46115562751542,3.09104245335832,0.993251773010283,0
"96",4,4,89.7,90,704.4,4.8,17.8,64,1.3,0,0,1.38629436111989,6.55876501780195,4.15888308335967,0.262364264467491,0
"97",3,4,83.9,8,30.2,2.6,12.7,48,1.8,0,0,1.38629436111989,3.44041809481544,3.87120101090789,0.587786664902119,0
"98",3,4,69,2.4,15.5,0.7,17.4,24,5.4,0,0,1.38629436111989,2.80336038090653,3.17805383034795,1.68639895357023,0
"99",3,4,91.4,142.4,601.4,10.6,11.6,87,4.5,0,0,1.38629436111989,6.40092167648568,4.46590811865458,1.50407739677627,0
"100",3,4,91.4,142.4,601.4,10.6,19.8,39,5.4,0,0,1.38629436111989,6.40092167648568,3.66356164612965,1.68639895357023,0
"101",3,4,91.4,142.4,601.4,10.6,19.8,39,5.4,0,0,1.38629436111989,6.40092167648568,3.66356164612965,1.68639895357023,0
"102",3,4,88.8,147.3,614.5,9,14.4,66,5.4,0,0,1.38629436111989,6.42243494562451,4.18965474202643,1.68639895357023,0
"103",2,4,94.8,108.3,647.1,17,20.1,40,4,0,0,1.38629436111989,6.47404500543367,3.68887945411394,1.38629436111989,0
"104",2,4,92.5,121.1,674.4,8.6,24.1,29,4.5,0,0,1.38629436111989,6.51530510795147,3.36729582998647,1.50407739677627,0
"105",2,4,82.1,3.7,9.3,2.9,5.3,78,3.1,0,0,1.38629436111989,2.33214389523559,4.35670882668959,1.1314021114911,0
"106",4,5,85.9,19.5,57.3,2.8,12.7,52,6.3,0,0,1.6094379124341,4.06560209335645,3.95124371858143,1.84054963339749,0
"107",4,5,91.4,30.7,74.3,7.5,18.2,29,3.1,0,0,1.6094379124341,4.32148013480585,3.36729582998647,1.1314021114911,0
"108",4,5,90.2,99.6,631.2,6.3,21.4,33,3.1,0,0,1.6094379124341,6.44920579978152,3.49650756146648,1.1314021114911,0
"109",4,5,92.5,88,698.6,7.1,20.3,45,3.1,0,0,1.6094379124341,6.55050874314445,3.80666248977032,1.1314021114911,0
"110",4,5,88.6,91.8,709.9,7.1,17.4,56,5.4,0,0,1.6094379124341,6.56653177293544,4.02535169073515,1.68639895357023,0
"111",4,4,85.9,19.5,57.3,2.8,13.7,43,5.8,0,0,1.38629436111989,4.06560209335645,3.76120011569356,1.75785791755237,0
"112",3,4,91.7,33.3,77.5,9,18.8,18,4.5,0,0,1.38629436111989,4.36309862478836,2.89037175789616,1.50407739677627,0
"113",3,4,89.7,90,704.4,4.8,22.8,39,3.6,0,0,1.38629436111989,6.55876501780195,3.66356164612965,1.28093384546206,0
"114",3,4,91.8,78.5,724.3,9.2,18.9,35,2.7,0,0,1.38629436111989,6.58658536236937,3.55534806148941,0.993251773010283,0
"115",3,4,88.1,25.7,67.6,3.8,15.8,27,7.6,0,0,1.38629436111989,4.22829253473184,3.29583686600433,2.02814824729229,0
"116",3,5,88.1,25.7,67.6,3.8,15.5,27,6.3,0,0,1.6094379124341,4.22829253473184,3.29583686600433,1.84054963339749,0
"117",3,4,91.7,35.8,80.8,7.8,11.6,30,6.3,0,0,1.38629436111989,4.4042772436087,3.40119738166216,1.84054963339749,0
"118",3,4,91.7,35.8,80.8,7.8,15.2,27,4.9,0,0,1.38629436111989,4.4042772436087,3.29583686600433,1.58923520511658,0
"119",3,4,90.1,39.7,86.6,6.2,10.6,30,4,0,0,1.38629436111989,4.47278099794235,3.40119738166216,1.38629436111989,0
"120",3,4,93,75.3,466.6,7.7,19.6,36,3.1,0,0,1.38629436111989,6.14761322959791,3.58351893845611,1.1314021114911,0
"121",3,4,91.5,145.4,608.2,10.7,10.3,74,2.2,0,0,1.38629436111989,6.41214662102101,4.30406509320417,0.78845736036427,0
"122",3,4,91.5,145.4,608.2,10.7,17.1,43,5.4,0,0,1.38629436111989,6.41214662102101,3.76120011569356,1.68639895357023,0
"123",3,4,92.4,124.1,680.7,8.5,22.5,42,5.4,0,0,1.38629436111989,6.52458967836874,3.73766961828337,1.68639895357023,0
"124",3,4,84.4,73.4,671.9,3.2,17.9,45,3.1,0,0,1.38629436111989,6.51159673019427,3.80666248977032,1.1314021114911,0
"125",3,4,94.3,85.1,692.3,15.9,19.8,50,5.4,0,0,1.38629436111989,6.54146280594844,3.91202300542815,1.68639895357023,0
"126",3,4,92.6,46.5,691.8,8.8,20.6,24,5.4,0,0,1.38629436111989,6.54074135724823,3.17805383034795,1.68639895357023,0
"127",3,5,87.6,52.2,103.8,5,9,49,2.2,0,0,1.6094379124341,4.65205377188694,3.89182029811063,0.78845736036427,0
"128",3,5,93.5,149.3,728.6,8.1,17.2,43,3.1,0,0,1.6094379124341,6.59249643876012,3.76120011569356,1.1314021114911,0
"129",3,5,91.4,37.9,673.8,5.2,15.9,46,3.6,0,0,1.6094379124341,6.51441635067181,3.8286413964891,1.28093384546206,0
"130",2,5,92.6,46.5,691.8,8.8,15.4,35,0.9,0,0,1.6094379124341,6.54074135724823,3.55534806148941,-0.105360515657826,0
"131",4,6,68.2,21.5,87.2,0.8,15.4,40,2.7,0,0,1.79175946922805,4.47960696301275,3.68887945411394,0.993251773010283,0
"132",4,6,87.2,23.9,64.7,4.1,14,39,3.1,0,0,1.79175946922805,4.18509892549057,3.66356164612965,1.1314021114911,0
"133",4,6,89.3,51.3,102.2,9.6,10.6,46,4.9,0,0,1.79175946922805,4.63666885304746,3.8286413964891,1.58923520511658,0
"134",4,6,93.7,80.9,685.2,17.9,17.6,42,3.1,0,0,1.79175946922805,6.53116913042435,3.73766961828337,1.1314021114911,0
"135",3,5,88.1,25.7,67.6,3.8,14.9,38,2.7,0,0,1.6094379124341,4.22829253473184,3.63758615972639,0.993251773010283,0
"136",3,5,93.5,139.4,594.2,20.3,17.6,52,5.8,0,0,1.6094379124341,6.38889748351888,3.95124371858143,1.75785791755237,0
"137",3,6,92.4,124.1,680.7,8.5,17.2,58,1.3,0,0,1.79175946922805,6.52458967836874,4.06044301054642,0.262364264467491,0
"138",3,6,90.9,126.5,686.5,7,15.6,66,3.1,0,0,1.79175946922805,6.53306182954073,4.18965474202643,1.1314021114911,0
"139",9,9,85.8,48.3,313.4,3.9,18,42,2.7,0,0.36,2.19722457733622,5.75066606055505,3.73766961828337,0.993251773010283,0.307484699747961
"140",1,4,91,129.5,692.6,7,21.7,38,2.2,0,0.43,1.38629436111989,6.54189542546633,3.63758615972639,0.78845736036427,0.357674444271816
"141",2,5,90.9,126.5,686.5,7,21.9,39,1.8,0,0.47,1.6094379124341,6.53306182954073,3.66356164612965,0.587786664902119,0.385262400790645
"142",1,2,95.5,99.9,513.3,13.2,23.3,31,4.5,0,0.55,0.693147180559945,6.24280675278087,3.43398720448515,1.50407739677627,0.438254930931155
"143",8,6,90.1,108,529.8,12.5,21.2,51,8.9,0,0.61,1.79175946922805,6.27438530245805,3.93182563272433,2.18605127673809,0.476234178996372
"144",1,2,90,51.3,296.3,8.7,16.6,53,5.4,0,0.71,0.693147180559945,5.69474173000405,3.97029191355212,1.68639895357023,0.536493370514568
"145",2,5,95.5,99.9,513.3,13.2,23.8,32,5.4,0,0.77,1.6094379124341,6.24280675278087,3.46573590279973,1.68639895357023,0.570979546585738
"146",6,5,95.2,131.7,578.8,10.4,27.4,22,4,0,0.9,1.6094379124341,6.36268321648755,3.09104245335832,1.38629436111989,0.641853886172395
"147",5,4,90.1,39.7,86.6,6.2,13.2,40,5.4,0,0.95,1.38629436111989,4.47278099794235,3.68887945411394,1.68639895357023,0.667829372575655
"148",8,3,84.4,73.4,671.9,3.2,24.2,28,3.6,0,0.96,1.09861228866811,6.51159673019427,3.3322045101752,1.28093384546206,0.672944473242426
"149",2,2,94.8,108.3,647.1,17,17.4,43,6.7,0,1.07,0.693147180559945,6.47404500543367,3.76120011569356,1.90210752639692,0.727548607277278
"150",8,6,93.7,80.9,685.2,17.9,23.7,25,4.5,0,1.12,1.79175946922805,6.53116913042435,3.2188758248682,1.50407739677627,0.751416088683921
"151",6,5,92.5,56.4,433.3,7.1,23.2,39,5.4,0,1.19,1.6094379124341,6.07373553954078,3.66356164612965,1.68639895357023,0.783901543828409
"152",9,9,90.1,68.6,355.2,7.2,24.8,29,2.2,0,1.36,2.19722457733622,5.87549237085556,3.36729582998647,0.78845736036427,0.858661619037519
"153",3,4,90.1,51.2,424.1,6.2,24.6,43,1.8,0,1.43,1.38629436111989,6.05232443536474,3.76120011569356,0.587786664902119,0.887891257352457
"154",5,4,94.3,85.1,692.3,15.9,20.1,47,4.9,0,1.46,1.38629436111989,6.54146280594844,3.85014760171006,1.58923520511658,0.900161349944271
"155",1,5,93.4,145.4,721.4,8.1,29.6,27,2.7,0,1.46,1.6094379124341,6.58257900210278,3.29583686600433,0.993251773010283,0.900161349944271
"156",7,4,94.8,108.3,647.1,17,16.4,47,1.3,0,1.56,1.38629436111989,6.47404500543367,3.85014760171006,0.262364264467491,0.940007258491471
"157",2,4,93.4,145.4,721.4,8.1,28.6,27,2.2,0,1.61,1.38629436111989,6.58257900210278,3.29583686600433,0.78845736036427,0.959350221334602
"158",2,2,92.1,111.2,654.1,9.6,18.4,45,3.6,0,1.63,0.693147180559945,6.48478789573783,3.80666248977032,1.28093384546206,0.966983846189673
"159",2,4,92.1,111.2,654.1,9.6,20.5,35,4,0,1.64,1.38629436111989,6.48478789573783,3.55534806148941,1.38629436111989,0.970778917158225
"160",7,4,92.4,117.9,668,12.2,19,34,5.8,0,1.69,1.38629436111989,6.50578406012823,3.52636052461616,1.75785791755237,0.989541193613748
"161",7,4,90.1,39.7,86.6,6.2,16.1,29,3.1,0,1.75,1.38629436111989,4.47278099794235,3.36729582998647,1.1314021114911,1.01160091167848
"162",6,4,95.2,131.7,578.8,10.4,20.3,41,4,0,1.9,1.38629436111989,6.36268321648755,3.71357206670431,1.38629436111989,1.06471073699243
"163",6,3,90.6,50.1,100.4,7.8,15.2,31,8.5,0,1.94,1.09861228866811,4.61907309115708,3.43398720448515,2.14006616349627,1.07840958135059
"164",8,6,92.5,121.1,674.4,8.6,17.8,56,1.8,0,1.95,1.79175946922805,6.51530510795147,4.02535169073515,0.587786664902119,1.08180517035173
"165",8,5,89.7,90,704.4,4.8,17.8,67,2.2,0,2.01,1.6094379124341,6.55876501780195,4.20469261939097,0.78845736036427,1.10194007876078
"166",6,5,84.9,18.2,55,3,5.3,70,4.5,0,2.14,1.6094379124341,4.02535169073515,4.24849524204936,1.50407739677627,1.14422279992016
"167",6,5,92.1,111.2,654.1,9.6,16.6,47,0.9,0,2.29,1.6094379124341,6.48478789573783,3.85014760171006,-0.105360515657826,1.19088756477728
"168",6,5,96,127.1,570.5,16.5,23.4,33,4.5,0,2.51,1.6094379124341,6.34826448323486,3.49650756146648,1.50407739677627,1.25561603747777
"169",6,5,91.2,48.3,97.8,12.5,14.6,26,9.4,0,2.53,1.6094379124341,4.59309760475382,3.25809653802148,2.24070968927596,1.26129787094521
"170",8,6,95.2,131.7,578.8,10.4,20.7,45,2.2,0,2.55,1.79175946922805,6.36268321648755,3.80666248977032,0.78845736036427,1.26694760348732
"171",5,4,92.9,133.3,699.6,9.2,21.9,35,1.8,0,2.57,1.38629436111989,6.55193711076339,3.55534806148941,0.587786664902119,1.27256559579155
"172",8,6,85.6,90.4,609.6,6.6,17.4,50,4,0,2.69,1.79175946922805,6.41444208030078,3.91202300542815,1.38629436111989,1.30562645805244
"173",7,4,91.4,142.4,601.4,10.6,20.1,39,5.4,0,2.74,1.38629436111989,6.40092167648568,3.66356164612965,1.68639895357023,1.31908561142644
"174",4,4,90.9,126.5,686.5,7,17.7,39,2.2,0,3.07,1.38629436111989,6.53306182954073,3.66356164612965,0.78845736036427,1.4036429994545
"175",1,4,90.2,96.9,624.2,8.9,14.2,53,1.8,0,3.5,1.38629436111989,6.43807159854732,3.97029191355212,0.587786664902119,1.50407739677627
"176",1,4,90.2,96.9,624.2,8.9,20.3,39,4.9,0,4.53,1.38629436111989,6.43807159854732,3.66356164612965,1.58923520511658,1.71018781553424
"177",6,5,81.5,9.1,55.2,2.7,5.8,54,5.8,0,4.61,1.6094379124341,4.02891675689965,3.98898404656427,1.75785791755237,1.72455071953461
"178",2,5,90.2,99.6,631.2,6.3,19.2,44,2.7,0,4.69,1.6094379124341,6.44920579978152,3.78418963391826,0.993251773010283,1.73871024813824
"179",2,5,90.1,82.9,735.7,6.2,18.3,45,2.2,0,4.88,1.6094379124341,6.60218075368877,3.80666248977032,0.78845736036427,1.77155676191054
"180",8,6,88.8,147.3,614.5,9,14.4,66,5.4,0,5.23,1.79175946922805,6.42243494562451,4.18965474202643,1.68639895357023,1.82937633279936
"181",1,3,92.4,124.1,680.7,8.5,23.9,32,6.7,0,5.33,1.09861228866811,6.52458967836874,3.46573590279973,1.90210752639692,1.84530023615608
"182",8,6,84.9,32.8,664.2,3,19.1,32,4,0,5.44,1.79175946922805,6.50008774731877,3.46573590279973,1.38629436111989,1.86252854011626
"183",5,4,86.8,15.6,48.3,3.9,12.4,53,2.2,0,6.38,1.38629436111989,3.89792408104864,3.97029191355212,0.78845736036427,1.99877363861238
"184",7,4,91.7,48.5,696.1,11.1,16.8,45,4.5,0,6.83,1.38629436111989,6.54692887249235,3.80666248977032,1.50407739677627,2.05796251000271
"185",8,6,93.9,135.7,586.7,15.1,20.8,34,4.9,0,6.96,1.79175946922805,6.37621661361861,3.52636052461616,1.58923520511658,2.07442899985629
"186",2,5,91,129.5,692.6,7,17.6,46,3.1,0,7.04,1.6094379124341,6.54189542546633,3.8286413964891,1.1314021114911,2.08442908319087
"187",8,6,89.3,51.3,102.2,9.6,11.5,39,5.8,0,7.19,1.79175946922805,4.63666885304746,3.66356164612965,1.75785791755237,2.10291389786498
"188",1,5,90.9,126.5,686.5,7,21,42,2.2,0,7.3,1.6094379124341,6.53306182954073,3.73766961828337,0.78845736036427,2.11625551480255
"189",6,4,90.8,41.9,89.4,7.9,13.3,42,0.9,0,7.4,1.38629436111989,4.50424426739813,3.73766961828337,-0.105360515657826,2.12823170584927
"190",7,4,90.7,44,92.4,5.5,11.5,60,4,0,8.24,1.38629436111989,4.5368913452348,4.0943445622221,1.38629436111989,2.22354188565359
"191",6,5,91.2,48.3,97.8,12.5,11.7,33,4,0,8.31,1.6094379124341,4.59309760475382,3.49650756146648,1.38629436111989,2.23108909128898
"192",2,5,95.2,131.7,578.8,10.4,24.2,28,2.7,0,8.68,1.6094379124341,6.36268321648755,3.3322045101752,0.993251773010283,2.27006190128849
"193",2,2,94.8,108.3,647.1,17,24.6,22,4.5,0,8.71,0.693147180559945,6.47404500543367,3.09104245335832,1.50407739677627,2.27315628230323
"194",4,5,92.9,133.3,699.6,9.2,24.3,25,4,0,9.41,1.6094379124341,6.55193711076339,3.2188758248682,1.38629436111989,2.34276688262688
"195",2,2,94.8,108.3,647.1,17,24.6,22,4.5,0,10.01,0.693147180559945,6.47404500543367,3.09104245335832,1.50407739677627,2.39880395073459
"196",2,5,93.9,135.7,586.7,15.1,23.5,36,5.4,0,10.02,1.6094379124341,6.37621661361861,3.58351893845611,1.68639895357023,2.39971180372477
"197",6,5,81.5,9.1,55.2,2.7,5.8,54,5.8,0,10.93,1.6094379124341,4.02891675689965,3.98898404656427,1.75785791755237,2.47905623610982
"198",4,5,92.9,137,706.4,9.2,21.5,15,0.9,0,11.06,1.6094379124341,6.56159627677138,2.70805020110221,-0.105360515657826,2.48989419129904
"199",3,4,91,129.5,692.6,7,13.9,59,6.3,0,11.24,1.38629436111989,6.54189542546633,4.07753744390572,1.84054963339749,2.50470927708418
"200",2,4,63.5,70.8,665.3,0.8,22.6,38,3.6,0,11.32,1.38629436111989,6.50174001956849,3.63758615972639,1.28093384546206,2.51122395810537
"201",1,5,91,129.5,692.6,7,21.6,33,2.2,0,11.53,1.6094379124341,6.54189542546633,3.49650756146648,0.78845736036427,2.52812576890798
"202",6,5,90.1,37.6,83.7,7.2,12.4,54,3.6,0,12.1,1.6094379124341,4.43911560165801,3.98898404656427,1.28093384546206,2.57261223020711
"203",7,4,83.9,8.7,32.1,2.1,8.8,68,2.2,0,13.05,1.38629436111989,3.49953328238302,4.21950770517611,0.78845736036427,2.64262239577975
"204",8,6,91.4,37.9,673.8,5.2,20.2,37,2.7,0,13.7,1.79175946922805,6.51441635067181,3.61091791264422,0.993251773010283,2.68784749378469
"205",5,6,90.6,50.1,100.4,7.8,15.1,64,4,0,13.99,1.79175946922805,4.61907309115708,4.15888308335967,1.38629436111989,2.70738331211451
"206",4,5,92.9,137,706.4,9.2,22.1,34,1.8,0,14.57,1.6094379124341,6.56159627677138,3.52636052461616,0.587786664902119,2.74534598584591
"207",2,2,93.5,139.4,594.2,20.3,22.9,31,7.2,0,15.45,0.693147180559945,6.38889748351888,3.43398720448515,1.97408102602201,2.80032547721138
"208",7,5,91,129.5,692.6,7,20.7,37,2.2,0,17.2,1.6094379124341,6.54189542546633,3.61091791264422,0.78845736036427,2.90142159408275
"209",6,5,92.4,117.9,668,12.2,19.6,33,6.3,0,19.23,1.6094379124341,6.50578406012823,3.49650756146648,1.84054963339749,3.00716665117965
"210",8,3,93.7,80.9,685.2,17.9,23.2,26,4.9,0,23.41,1.09861228866811,6.53116913042435,3.25809653802148,1.58923520511658,3.19499288440487
"211",4,4,90.6,43.7,686.9,6.7,18.4,25,3.1,0,24.23,1.38629436111989,6.53364347853197,3.2188758248682,1.1314021114911,3.22803376265297
"212",7,4,93.5,139.4,594.2,20.3,5.1,96,5.8,0,26,1.38629436111989,6.38889748351888,4.56434819146784,1.75785791755237,3.29583686600433
"213",7,4,94.3,85.1,692.3,15.9,20.1,47,4.9,0,26.13,1.38629436111989,6.54146280594844,3.85014760171006,1.58923520511658,3.30064012667084
"214",7,3,87.6,52.2,103.8,5,11,46,5.8,0,27.35,1.09861228866811,4.65205377188694,3.8286413964891,1.75785791755237,3.34462703017376
"215",4,4,91.7,35.8,80.8,7.8,17,27,4.9,0,28.66,1.38629436111989,4.4042772436087,3.29583686600433,1.58923520511658,3.38979933670979
"216",4,4,91.7,35.8,80.8,7.8,17,27,4.9,0,28.66,1.38629436111989,4.4042772436087,3.29583686600433,1.58923520511658,3.38979933670979
"217",4,4,92.4,124.1,680.7,8.5,16.9,60,1.3,0,29.48,1.38629436111989,6.52458967836874,4.0943445622221,0.262364264467491,3.41707073081845
"218",1,3,88.6,91.8,709.9,7.1,12.4,73,6.3,0,30.32,1.09861228866811,6.56653177293544,4.29045944114839,1.84054963339749,3.4442568711226
"219",4,5,92.9,133.3,699.6,9.2,19.4,19,1.3,0,31.72,1.6094379124341,6.55193711076339,2.94443897916644,0.262364264467491,3.48798651173455
"220",6,5,90.1,39.7,86.6,6.2,15.2,27,3.1,0,31.86,1.6094379124341,4.47278099794235,3.29583686600433,1.1314021114911,3.49225611260912
"221",8,6,90.2,99.6,631.2,6.3,16.2,59,3.1,0,32.07,1.79175946922805,6.44920579978152,4.07753744390572,1.1314021114911,3.4986265269937
"222",3,4,93.3,141.2,713.9,13.9,18.6,49,3.6,0,35.88,1.38629436111989,6.57214267277281,3.89182029811063,1.28093384546206,3.60766939868839
"223",4,3,87.6,52.2,103.8,5,11,46,5.8,0,36.85,1.09861228866811,4.65205377188694,3.8286413964891,1.75785791755237,3.63363097988346
"224",2,2,88.3,150.3,309.9,6.8,13.4,79,3.6,0,37.02,0.693147180559945,5.73947131706471,4.36944785246702,1.28093384546206,3.63811233706028
"225",7,4,90.1,82.9,735.7,6.2,15.4,57,4.5,0,37.71,1.38629436111989,6.60218075368877,4.04305126783455,1.50407739677627,3.65609796458956
"226",4,4,93.5,149.3,728.6,8.1,22.9,39,4.9,0,48.55,1.38629436111989,6.59249643876012,3.66356164612965,1.58923520511658,3.902982260776
"227",7,5,91.7,48.5,696.1,11.1,16.1,44,4,0,49.37,1.6094379124341,6.54692887249235,3.78418963391826,1.38629436111989,3.91939575975756
"228",8,6,92.2,81.8,480.8,11.9,20.1,34,4.5,0,58.3,1.79175946922805,6.17752909018077,3.52636052461616,1.50407739677627,4.08260930600368
"229",4,6,93.5,149.3,728.6,8.1,28.3,26,3.1,0,64.1,1.79175946922805,6.59249643876012,3.25809653802148,1.1314021114911,4.17592454921452
"230",8,6,92.2,81.8,480.8,11.9,16.4,43,4,0,71.3,1.79175946922805,6.17752909018077,3.76120011569356,1.38629436111989,4.28082412916472
"231",4,4,92.9,133.3,699.6,9.2,26.4,21,4.5,0,88.49,1.38629436111989,6.55193711076339,3.04452243772342,1.50407739677627,4.49412688719477
"232",1,5,93.5,149.3,728.6,8.1,27.8,27,3.1,0,95.18,1.6094379124341,6.59249643876012,3.29583686600433,1.1314021114911,4.56622143584952
"233",6,4,91,129.5,692.6,7,18.7,43,2.7,0,103.39,1.38629436111989,6.54189542546633,3.76120011569356,0.993251773010283,4.64813388542021
"234",9,4,84.4,73.4,671.9,3.2,24.3,36,3.1,0,105.66,1.38629436111989,6.51159673019427,3.58351893845611,1.1314021114911,4.66964620517246
"235",4,5,92.5,121.1,674.4,8.6,17.7,25,3.1,0,154.88,1.6094379124341,6.51530510795147,3.2188758248682,1.1314021114911,5.04908648047051
"236",8,6,91.4,142.4,601.4,10.6,19.6,41,5.8,0,196.48,1.79175946922805,6.40092167648568,3.71357206670431,1.75785791755237,5.28563731339066
"237",2,2,92.5,121.1,674.4,8.6,18.2,46,1.8,0,200.94,0.693147180559945,6.51530510795147,3.8286413964891,0.587786664902119,5.30797062357617
"238",1,2,91,129.5,692.6,7,18.8,40,2.2,0,212.88,0.693147180559945,6.54189542546633,3.68887945411394,0.78845736036427,5.36541511008053
"239",6,5,92.5,121.1,674.4,8.6,25.1,27,4,0,1090.84,1.6094379124341,6.51530510795147,3.29583686600433,1.38629436111989,6.99561962542321
"240",7,5,81.9,3,7.9,3.5,13.4,75,1.8,0,0,1.6094379124341,2.18605127673809,4.31748811353631,0.587786664902119,0
"241",6,3,88,17.2,43.5,3.8,15.2,51,2.7,0,0,1.09861228866811,3.79548918917219,3.93182563272433,0.993251773010283,0
"242",4,4,83,23.3,85.3,2.3,16.7,20,3.1,0,0,1.38629436111989,4.45782959808938,2.99573227355399,1.1314021114911,0
"243",2,4,94.2,122.3,589.9,12.9,15.4,66,4,0,10.13,1.38629436111989,6.38164679835163,4.18965474202643,1.38629436111989,2.40964416528745
"244",7,4,91.8,175.1,700.7,13.8,21.9,73,7.6,1,0,1.38629436111989,6.55350596225824,4.29045944114839,2.02814824729229,0
"245",2,4,91.8,175.1,700.7,13.8,22.4,54,7.6,0,2.87,1.38629436111989,6.55350596225824,3.98898404656427,2.02814824729229,1.35325450704169
"246",3,4,91.8,175.1,700.7,13.8,26.8,38,6.3,0,0.76,1.38629436111989,6.55350596225824,3.63758615972639,1.84054963339749,0.56531380905006
"247",5,4,91.8,175.1,700.7,13.8,25.7,39,5.4,0,0.09,1.38629436111989,6.55350596225824,3.66356164612965,1.68639895357023,0.0861776962410524
"248",2,4,92.2,91.6,503.6,9.6,20.7,70,2.2,0,0.75,1.38629436111989,6.22376603620696,4.24849524204936,0.78845736036427,0.559615787935423
"249",8,6,93.1,157.3,666.7,13.5,28.7,28,2.7,0,0,1.79175946922805,6.50383897086382,3.3322045101752,0.993251773010283,0
"250",3,4,93.1,157.3,666.7,13.5,21.7,40,0.4,0,2.47,1.38629436111989,6.50383897086382,3.68887945411394,-0.916290731874155,1.24415459395877
"251",8,5,93.1,157.3,666.7,13.5,26.8,25,3.1,0,0.68,1.6094379124341,6.50383897086382,3.2188758248682,1.1314021114911,0.518793793415168
"252",8,5,93.1,157.3,666.7,13.5,24,36,3.1,0,0.24,1.6094379124341,6.50383897086382,3.58351893845611,1.1314021114911,0.215111379616945
"253",6,5,93.1,157.3,666.7,13.5,22.1,37,3.6,0,0.21,1.6094379124341,6.50383897086382,3.61091791264422,1.28093384546206,0.19062035960865
"254",7,4,91.9,109.2,565.5,8,21.4,38,2.7,0,1.52,1.38629436111989,6.33947708046806,3.63758615972639,0.993251773010283,0.924258901523332
"255",6,3,91.6,138.1,621.7,6.3,18.9,41,3.1,0,10.34,1.09861228866811,6.43406486187841,3.71357206670431,1.1314021114911,2.42833629829961
"256",2,5,87.5,77,694.8,5,22.3,46,4,0,0,1.6094379124341,6.54506226271784,3.8286413964891,1.38629436111989,0
"257",8,6,94.2,117.2,581.1,11,23.9,41,2.2,0,8.02,1.79175946922805,6.36664225427769,3.71357206670431,0.78845736036427,2.19944433407453
"258",4,3,94.2,117.2,581.1,11,21.4,44,2.7,0,0.68,1.09861228866811,6.36664225427769,3.78418963391826,0.993251773010283,0.518793793415168
"259",3,4,91.8,170.9,692.3,13.7,20.6,59,0.9,0,0,1.38629436111989,6.54146280594844,4.07753744390572,-0.105360515657826,0
"260",7,4,91.8,170.9,692.3,13.7,23.7,40,1.8,0,1.38,1.38629436111989,6.54146280594844,3.68887945411394,0.587786664902119,0.867100487683383
"261",2,4,93.6,97.9,542,14.4,28.3,32,4,0,8.85,1.38629436111989,6.29710931993394,3.46573590279973,1.38629436111989,2.287471455184
"262",3,4,91.6,112.4,573,8.9,11.2,84,7.6,0,3.3,1.38629436111989,6.35262939631957,4.43081679884331,2.02814824729229,1.45861502269952
"263",2,4,91.6,112.4,573,8.9,21.4,42,3.1,0,4.25,1.38629436111989,6.35262939631957,3.73766961828337,1.1314021114911,1.65822807660353
"264",6,3,91.1,141.1,629.1,7.1,19.3,39,3.6,0,1.56,1.09861228866811,6.44587853694801,3.66356164612965,1.28093384546206,0.940007258491471
"265",4,4,94.3,167.6,684.4,13,21.8,53,3.1,0,6.54,1.38629436111989,6.53000260944051,3.97029191355212,1.1314021114911,2.02022218201986
"266",4,4,93.7,102.2,550.3,14.6,22.1,54,7.6,0,0.79,1.38629436111989,6.31227912559564,3.98898404656427,2.02814824729229,0.582215619852664
"267",6,5,94.3,131.7,607.1,22.7,19.4,55,4,0,0.17,1.6094379124341,6.41033934212606,4.00733318523247,1.38629436111989,0.157003748809665
"268",2,2,92.1,152.6,658.2,14.3,23.7,24,3.1,0,0,0.693147180559945,6.49102697859526,3.17805383034795,1.1314021114911,0
"269",3,4,92.1,152.6,658.2,14.3,21,32,3.1,0,0,1.38629436111989,6.49102697859526,3.46573590279973,1.1314021114911,0
"270",4,4,92.1,152.6,658.2,14.3,19.1,53,2.7,0,4.4,1.38629436111989,6.49102697859526,3.97029191355212,0.993251773010283,1.68639895357023
"271",2,2,92.1,152.6,658.2,14.3,21.8,56,3.1,0,0.52,0.693147180559945,6.49102697859526,4.02535169073515,1.1314021114911,0.418710334858185
"272",8,6,92.1,152.6,658.2,14.3,20.1,58,4.5,0,9.27,1.79175946922805,6.49102697859526,4.06044301054642,1.50407739677627,2.32922702394047
"273",2,5,92.1,152.6,658.2,14.3,20.2,47,4,0,3.09,1.6094379124341,6.49102697859526,3.85014760171006,1.38629436111989,1.40854497005471
"274",4,6,84.4,27.2,353.5,6.8,4.8,57,8.5,0,8.98,1.79175946922805,5.87070834597218,4.04305126783455,2.14006616349627,2.30058309032337
"275",8,6,84,27.8,354.6,5.3,5.1,61,8,0,11.19,1.79175946922805,5.87380650363975,4.11087386417331,2.07944154167984,2.50061594349318
"276",4,6,84.6,26.4,352,2,5.1,61,4.9,0,5.38,1.79175946922805,5.8664680569333,4.11087386417331,1.58923520511658,1.8531680973567
"277",4,4,85.4,25.4,349.7,2.6,4.6,21,8.5,0,17.85,1.38629436111989,5.85993115714613,3.04452243772342,2.14006616349627,2.93651291389402
"278",3,4,85.4,25.4,349.7,2.6,4.6,21,8.5,0,10.73,1.38629436111989,5.85993115714613,3.04452243772342,2.14006616349627,2.46214966266538
"279",4,4,85.4,25.4,349.7,2.6,4.6,21,8.5,0,22.03,1.38629436111989,5.85993115714613,3.04452243772342,2.14006616349627,3.13679771383259
"280",4,4,85.4,25.4,349.7,2.6,4.6,21,8.5,0,9.77,1.38629436111989,5.85993115714613,3.04452243772342,2.14006616349627,2.3767644911683
"281",4,6,84.7,26.7,352.6,4.1,2.2,59,4.9,0,9.27,1.79175946922805,5.86816633076349,4.07753744390572,1.58923520511658,2.32922702394047
"282",6,5,85.4,25.4,349.7,2.6,5.1,24,8.5,0,24.77,1.6094379124341,5.85993115714613,3.17805383034795,2.14006616349627,3.24921102466427
"283",6,3,84.9,27.5,353.5,3.4,4.2,51,4,0,0,1.09861228866811,5.87070834597218,3.93182563272433,1.38629436111989,0
"284",3,4,86.9,6.6,18.7,3.2,8.8,35,3.1,0,1.1,1.38629436111989,2.98061863574394,3.55534806148941,1.1314021114911,0.741937344729377
"285",5,4,85.2,4.9,15.8,6.3,7.5,46,8,0,24.24,1.38629436111989,2.82137888640921,3.8286413964891,2.07944154167984,3.22843003767301
"286",2,5,93.9,169.7,411.8,12.3,23.4,40,6.3,0,0,1.6094379124341,6.02296321416735,3.68887945411394,1.84054963339749,0
"287",7,6,91.2,183.1,437.7,12.5,12.6,90,7.6,0.2,0,1.79175946922805,6.08381580817217,4.49980967033027,2.02814824729229,0
"288",7,4,91.6,104.2,474.9,9,22.1,49,2.7,0,0,1.38629436111989,6.16520774812706,3.89182029811063,0.993251773010283,0
"289",7,4,91.6,104.2,474.9,9,24.2,32,1.8,0,0,1.38629436111989,6.16520774812706,3.46573590279973,0.587786664902119,0
"290",7,4,91.6,104.2,474.9,9,24.3,30,1.8,0,0,1.38629436111989,6.16520774812706,3.40119738166216,0.587786664902119,0
"291",2,5,91.6,104.2,474.9,9,18.7,53,1.8,0,0,1.6094379124341,6.16520774812706,3.97029191355212,0.587786664902119,0
"292",9,4,91.6,104.2,474.9,9,25.3,39,0.9,0,8,1.38629436111989,6.16520774812706,3.66356164612965,-0.105360515657826,2.19722457733622
"293",4,5,91.6,100.2,466.3,6.3,22.9,40,1.3,0,2.64,1.6094379124341,6.14697144970638,3.68887945411394,0.262364264467491,1.29198368164865
"294",7,6,93.1,180.4,430.8,11,26.9,28,5.4,0,86.45,1.79175946922805,6.06796251808071,3.3322045101752,1.68639895357023,4.47106720146461
"295",8,6,92.3,88.8,440.9,8.5,17.1,67,3.6,0,6.57,1.79175946922805,6.09108361213669,4.20469261939097,1.28093384546206,2.02419306744936
"296",7,5,93.1,180.4,430.8,11,22.2,48,1.3,0,0,1.6094379124341,6.06796251808071,3.87120101090789,0.262364264467491,0
"297",6,4,90.4,89.5,290.8,6.4,14.3,46,1.8,0,0.9,1.38629436111989,5.67606863608869,3.8286413964891,0.587786664902119,0.641853886172395
"298",8,6,90.4,89.5,290.8,6.4,15.4,45,2.2,0,0,1.79175946922805,5.67606863608869,3.80666248977032,0.78845736036427,0
"299",8,6,91.2,147.8,377.2,12.7,19.6,43,4.9,0,0,1.79175946922805,5.93542315622436,3.76120011569356,1.58923520511658,0
"300",6,5,53.4,71,233.8,0.4,10.6,90,2.7,0,0,1.6094379124341,5.45873408795394,4.49980967033027,0.993251773010283,0
"301",6,5,90.4,93.3,298.1,7.5,20.7,25,4.9,0,0,1.6094379124341,5.7007779656359,3.2188758248682,1.58923520511658,0
"302",6,5,90.4,93.3,298.1,7.5,19.1,39,5.4,0,3.52,1.6094379124341,5.7007779656359,3.66356164612965,1.68639895357023,1.50851199384414
"303",3,6,91.1,94.1,232.1,7.1,19.2,38,4.5,0,0,1.79175946922805,5.45146754604171,3.63758615972639,1.50407739677627,0
"304",3,6,91.1,94.1,232.1,7.1,19.2,38,4.5,0,0,1.79175946922805,5.45146754604171,3.63758615972639,1.50407739677627,0
"305",6,5,85.1,28,113.8,3.5,11.3,94,4.9,0,0,1.6094379124341,4.74319148388547,4.54329478227,1.58923520511658,0
"306",1,4,89.6,84.1,714.3,5.7,19,52,2.2,0,0,1.38629436111989,6.57270203511434,3.95124371858143,0.78845736036427,0
"307",7,4,89.6,84.1,714.3,5.7,17.1,53,5.4,0,0.41,1.38629436111989,6.57270203511434,3.97029191355212,1.68639895357023,0.343589704390077
"308",3,4,89.6,84.1,714.3,5.7,23.8,35,3.6,0,5.18,1.38629436111989,6.57270203511434,3.55534806148941,1.28093384546206,1.8213182714696
"309",2,4,92.4,105.8,758.1,9.9,16,45,1.8,0,0,1.38629436111989,6.63213352102272,3.80666248977032,0.587786664902119,0
"310",2,4,92.4,105.8,758.1,9.9,24.9,27,2.2,0,0,1.38629436111989,6.63213352102272,3.29583686600433,0.78845736036427,0
"311",7,4,92.4,105.8,758.1,9.9,25.3,27,2.7,0,0,1.38629436111989,6.63213352102272,3.29583686600433,0.993251773010283,0
"312",6,3,92.4,105.8,758.1,9.9,24.8,28,1.8,0,14.29,1.09861228866811,6.63213352102272,3.3322045101752,0.587786664902119,2.72719901994097
"313",2,4,50.4,46.2,706.6,0.4,12.2,78,6.3,0,0,1.38629436111989,6.56187896228563,4.35670882668959,1.84054963339749,0
"314",6,5,92.6,115.4,777.1,8.8,24.3,27,4.9,0,0,1.6094379124341,6.65685505062288,3.29583686600433,1.58923520511658,0
"315",4,4,92.6,115.4,777.1,8.8,19.7,41,1.8,0,1.58,1.38629436111989,6.65685505062288,3.71357206670431,0.587786664902119,0.947789398933526
"316",3,4,91.2,134.7,817.5,7.2,18.5,30,2.7,0,0,1.38629436111989,6.70747339681119,3.40119738166216,0.993251773010283,0
"317",4,5,92.4,96.2,739.4,8.6,18.6,24,5.8,0,0,1.6094379124341,6.60719058069934,3.17805383034795,1.75785791755237,0
"318",4,4,92.4,96.2,739.4,8.6,19.2,24,4.9,0,3.78,1.38629436111989,6.60719058069934,3.17805383034795,1.58923520511658,1.56444054650336
"319",6,5,92.8,119,783.5,7.5,21.6,27,2.2,0,0,1.6094379124341,6.66504657217309,3.29583686600433,0.78845736036427,0
"320",5,4,92.8,119,783.5,7.5,21.6,28,6.3,0,4.41,1.38629436111989,6.66504657217309,3.3322045101752,1.84054963339749,1.68824909285839
"321",6,3,92.8,119,783.5,7.5,18.9,34,7.2,0,34.36,1.09861228866811,6.66504657217309,3.52636052461616,1.97408102602201,3.56558123776944
"322",1,4,92.8,119,783.5,7.5,16.8,28,4,0,7.21,1.38629436111989,6.66504657217309,3.3322045101752,1.38629436111989,2.10535292346434
"323",6,5,92.8,119,783.5,7.5,16.8,28,4,0,1.01,1.6094379124341,6.66504657217309,3.3322045101752,1.38629436111989,0.698134722070984
"324",3,5,90.7,136.9,822.8,6.8,12.9,39,2.7,0,2.18,1.6094379124341,6.71392778200198,3.66356164612965,0.993251773010283,1.15688119679209
"325",6,5,88.1,53.3,726.9,5.4,13.7,56,1.8,0,4.42,1.6094379124341,6.59016367612421,4.02535169073515,0.587786664902119,1.69009581545155
"326",1,4,92.2,102.3,751.5,8.4,24.2,27,3.1,0,0,1.38629436111989,6.62340099662303,3.29583686600433,1.1314021114911,0
"327",5,4,92.2,102.3,751.5,8.4,24.1,27,3.1,0,0,1.38629436111989,6.62340099662303,3.29583686600433,1.1314021114911,0
"328",6,5,92.2,102.3,751.5,8.4,21.2,32,2.2,0,0,1.6094379124341,6.62340099662303,3.46573590279973,0.78845736036427,0
"329",6,5,92.2,102.3,751.5,8.4,19.7,35,1.8,0,0,1.6094379124341,6.62340099662303,3.55534806148941,0.587786664902119,0
"330",4,3,92.2,102.3,751.5,8.4,23.5,27,4,0,3.33,1.09861228866811,6.62340099662303,3.29583686600433,1.38629436111989,1.4655675420144
"331",3,3,92.2,102.3,751.5,8.4,24.2,27,3.1,0,6.58,1.09861228866811,6.62340099662303,3.29583686600433,1.1314021114911,2.02551319965428
"332",7,4,91.2,124.4,795.3,8.5,21.5,28,4.5,0,15.64,1.38629436111989,6.6799759992634,3.3322045101752,1.50407739677627,2.81180943539306
"333",4,4,91.2,124.4,795.3,8.5,17.1,41,2.2,0,11.22,1.38629436111989,6.6799759992634,3.71357206670431,0.78845736036427,2.50307395374345
"334",1,4,92.1,87.7,721.1,9.5,18.1,54,3.1,0,2.13,1.38629436111989,6.58216363345714,3.98898404656427,1.1314021114911,1.14103300455206
"335",2,3,91.6,108.4,764,6.2,18,51,5.4,0,0,1.09861228866811,6.63987583382654,3.93182563272433,1.68639895357023,0
"336",4,3,91.6,108.4,764,6.2,9.8,86,1.8,0,0,1.09861228866811,6.63987583382654,4.45434729625351,0.587786664902119,0
"337",7,4,91.6,108.4,764,6.2,19.3,44,2.2,0,0,1.38629436111989,6.63987583382654,3.78418963391826,0.78845736036427,0
"338",6,3,91.6,108.4,764,6.2,23,34,2.2,0,56.04,1.09861228866811,6.63987583382654,3.52636052461616,0.78845736036427,4.04375277610604
"339",8,6,91.6,108.4,764,6.2,22.7,35,2.2,0,7.48,1.79175946922805,6.63987583382654,3.55534806148941,0.78845736036427,2.13771044980381
"340",2,4,91.6,108.4,764,6.2,20.4,41,1.8,0,1.47,1.38629436111989,6.63987583382654,3.71357206670431,0.587786664902119,0.904218150639886
"341",2,5,91.6,108.4,764,6.2,19.3,44,2.2,0,3.93,1.6094379124341,6.63987583382654,3.78418963391826,0.78845736036427,1.5953389880546
"342",8,6,91.9,111.7,770.3,6.5,15.7,51,2.2,0,0,1.79175946922805,6.64807740293995,3.93182563272433,0.78845736036427,0
"343",6,3,91.5,130.1,807.1,7.5,20.6,37,1.8,0,0,1.09861228866811,6.6946858132394,3.61091791264422,0.587786664902119,0
"344",8,6,91.5,130.1,807.1,7.5,15.9,51,4.5,0,2.18,1.79175946922805,6.6946858132394,3.93182563272433,1.50407739677627,1.15688119679209
"345",6,3,91.5,130.1,807.1,7.5,12.2,66,4.9,0,6.1,1.09861228866811,6.6946858132394,4.18965474202643,1.58923520511658,1.96009478404727
"346",2,2,91.5,130.1,807.1,7.5,16.8,43,3.1,0,5.83,0.693147180559945,6.6946858132394,3.76120011569356,1.1314021114911,1.9213246735827
"347",1,4,91.5,130.1,807.1,7.5,21.3,35,2.2,0,28.19,1.38629436111989,6.6946858132394,3.55534806148941,0.78845736036427,3.37382618486602
"348",5,4,92.1,99,745.3,9.6,10.1,75,3.6,0,0,1.38629436111989,6.61512766413734,4.31748811353631,1.28093384546206,0
"349",3,4,92.1,99,745.3,9.6,17.4,57,4.5,0,0,1.38629436111989,6.61512766413734,4.04305126783455,1.50407739677627,0
"350",5,4,92.1,99,745.3,9.6,12.8,64,3.6,0,1.64,1.38629436111989,6.61512766413734,4.15888308335967,1.28093384546206,0.970778917158225
"351",5,4,92.1,99,745.3,9.6,10.1,75,3.6,0,3.71,1.38629436111989,6.61512766413734,4.31748811353631,1.28093384546206,1.54968790802833
"352",4,4,92.1,99,745.3,9.6,15.4,53,6.3,0,7.31,1.38629436111989,6.61512766413734,3.97029191355212,1.84054963339749,2.11745960886736
"353",7,4,92.1,99,745.3,9.6,20.6,43,3.6,0,2.03,1.38629436111989,6.61512766413734,3.76120011569356,1.28093384546206,1.10856261952128
"354",7,4,92.1,99,745.3,9.6,19.8,47,2.7,0,1.72,1.38629436111989,6.61512766413734,3.85014760171006,0.993251773010283,1.00063188030791
"355",7,4,92.1,99,745.3,9.6,18.7,50,2.2,0,5.97,1.38629436111989,6.61512766413734,3.91202300542815,0.78845736036427,1.94161522477243
"356",4,4,92.1,99,745.3,9.6,20.8,35,4.9,0,13.06,1.38629436111989,6.61512766413734,3.55534806148941,1.58923520511658,2.64333388638252
"357",4,4,92.1,99,745.3,9.6,20.8,35,4.9,0,1.26,1.38629436111989,6.61512766413734,3.55534806148941,1.58923520511658,0.815364813284194
"358",6,3,92.5,122,789.7,10.2,15.9,55,3.6,0,0,1.09861228866811,6.67291862907688,4.00733318523247,1.28093384546206,0
"359",6,3,92.5,122,789.7,10.2,19.7,39,2.7,0,0,1.09861228866811,6.67291862907688,3.66356164612965,0.993251773010283,0
"360",1,4,92.5,122,789.7,10.2,21.1,39,2.2,0,8.12,1.38629436111989,6.67291862907688,3.66356164612965,0.78845736036427,2.21046980408624
"361",6,5,92.5,122,789.7,10.2,18.4,42,2.2,0,1.09,1.6094379124341,6.67291862907688,3.73766961828337,0.78845736036427,0.73716406597672
"362",4,3,92.5,122,789.7,10.2,17.3,45,4,0,3.94,1.09861228866811,6.67291862907688,3.80666248977032,1.38629436111989,1.59736533119983
"363",7,4,88.2,55.2,732.3,11.6,15.2,64,3.1,0,0.52,1.38629436111989,6.59755489509975,4.15888308335967,1.1314021114911,0.418710334858185
"364",4,3,91.9,111.7,770.3,6.5,15.9,53,2.2,0,2.93,1.09861228866811,6.64807740293995,3.97029191355212,0.78845736036427,1.36863942588117
"365",6,5,91.9,111.7,770.3,6.5,21.1,35,2.7,0,5.65,1.6094379124341,6.64807740293995,3.55534806148941,0.993251773010283,1.89461685466776
"366",6,5,91.9,111.7,770.3,6.5,19.6,45,3.1,0,20.03,1.6094379124341,6.64807740293995,3.80666248977032,1.1314021114911,3.04594998971461
"367",4,5,91.1,132.3,812.1,12.5,15.9,38,5.4,0,1.75,1.6094379124341,6.70085410321379,3.63758615972639,1.68639895357023,1.01160091167848
"368",4,5,91.1,132.3,812.1,12.5,16.4,27,3.6,0,0,1.6094379124341,6.70085410321379,3.29583686600433,1.28093384546206,0
"369",6,5,91.2,94.3,744.4,8.4,16.8,47,4.9,0,12.64,1.6094379124341,6.61392098704516,3.85014760171006,1.58923520511658,2.61300665241532
"370",4,5,91,276.3,825.1,7.1,13.8,77,7.6,0,0,1.6094379124341,6.71671583156846,4.34380542185368,2.02814824729229,0
"371",7,4,91,276.3,825.1,7.1,13.8,77,7.6,0,11.06,1.38629436111989,6.71671583156846,4.34380542185368,2.02814824729229,2.48989419129904
"372",3,4,91.9,133.6,520.5,8,14.2,58,4,0,0,1.38629436111989,6.25670927444083,4.06044301054642,1.38629436111989,0
"373",4,5,92,203.2,664.5,8.1,10.4,75,0.9,0,0,1.6094379124341,6.50053863783517,4.31748811353631,-0.105360515657826,0
"374",5,4,94.8,222.4,698.6,13.9,20.3,42,2.7,0,0,1.38629436111989,6.55050874314445,3.73766961828337,0.993251773010283,0
"375",6,5,90.3,290,855.3,7.4,10.3,78,4,0,18.3,1.6094379124341,6.75262078203215,4.35670882668959,1.38629436111989,2.96010509591084
"376",6,5,91.2,94.3,744.4,8.4,15.4,57,4.9,0,39.35,1.6094379124341,6.61392098704516,4.04305126783455,1.58923520511658,3.69759139471596
"377",8,6,92.1,207,672.6,8.2,21.1,54,2.2,0,0,1.79175946922805,6.51263646292812,3.98898404656427,0.78845736036427,0
"378",2,2,93.7,231.1,715.1,8.4,21.9,42,2.2,0,174.63,0.693147180559945,6.57381982201289,3.73766961828337,0.78845736036427,5.16837950943364
"379",6,5,90.9,18.9,30.6,8,8.7,51,5.8,0,0,1.6094379124341,3.45315712059287,3.93182563272433,1.75785791755237,0
"380",4,5,18.7,1.1,171.4,0,5.2,100,0.9,0,0,1.6094379124341,5.14981735822959,4.60517018598809,-0.105360515657826,0
"381",5,4,93.7,101.3,458.8,11.9,19.3,39,7.2,0,7.73,1.38629436111989,6.13079161232908,3.66356164612965,1.97408102602201,2.16676536985151
"382",8,6,90.7,194.1,643,6.8,16.2,63,2.7,0,16.33,1.79175946922805,6.46769872610435,4.14313472639153,0.993251773010283,2.85243910372751
"383",8,6,95.2,217.7,690,18,28.2,29,1.8,0,5.86,1.79175946922805,6.53813982376767,3.36729582998647,0.587786664902119,1.92570744173779
"384",9,6,91.6,248.4,753.8,6.3,20.5,58,2.7,0,42.87,1.79175946922805,6.62645281349439,4.06044301054642,0.993251773010283,3.78123071517812
"385",8,4,91.6,273.8,819.1,7.7,21.3,44,4.5,0,12.18,1.38629436111989,6.70942628404237,3.78418963391826,1.50407739677627,2.57870052907436
"386",2,4,91.6,181.3,613,7.6,20.9,50,2.2,0,16,1.38629436111989,6.41999492814714,3.91202300542815,0.78845736036427,2.83321334405622
"387",3,4,90.5,96.7,750.5,11.4,20.6,55,5.4,0,24.59,1.38629436111989,6.62207120919303,4.00733318523247,1.68639895357023,3.2422016501717
"388",5,5,90.9,18.9,30.6,8,11.6,48,5.4,0,0,1.6094379124341,3.45315712059287,3.87120101090789,1.68639895357023,0
"389",6,4,94.8,227,706.7,12,23.3,34,3.1,0,28.74,1.38629436111989,6.56202027508174,3.52636052461616,1.1314021114911,3.39249294103201
"390",7,4,94.8,227,706.7,12,23.3,34,3.1,0,0,1.38629436111989,6.56202027508174,3.52636052461616,1.1314021114911,0
"391",7,4,84.7,9.5,58.3,4.1,7.5,71,6.3,0,9.96,1.38629436111989,4.08260930600368,4.26267987704132,1.84054963339749,2.39425228151987
"392",8,6,91.1,91.3,738.1,7.2,20.7,46,2.7,0,30.18,1.79175946922805,6.60543322979084,3.8286413964891,0.993251773010283,3.43977686362963
"393",1,3,91,276.3,825.1,7.1,21.9,43,4,0,70.76,1.09861228866811,6.71671583156846,3.76120011569356,1.38629436111989,4.27332721775054
"394",2,4,93.4,15,25.6,11.4,15.2,19,7.6,0,0,1.38629436111989,3.28091121578765,2.94443897916644,2.02814824729229,0
"395",6,5,84.1,4.6,46.7,2.2,5.3,68,1.8,0,0,1.6094379124341,3.8649313978943,4.21950770517611,0.587786664902119,0
"396",4,5,85,9,56.9,3.5,10.1,62,1.8,0,51.78,1.6094379124341,4.05871738457895,4.12713438504509,0.587786664902119,3.96613233107518
"397",4,3,90.5,96.7,750.5,11.4,20.4,55,4.9,0,3.64,1.09861228866811,6.62207120919303,4.00733318523247,1.58923520511658,1.53471436623816
"398",5,6,91.6,181.3,613,7.6,24.3,33,3.6,0,3.63,1.79175946922805,6.41999492814714,3.49650756146648,1.28093384546206,1.53255686809814
"399",1,2,93.7,231.1,715.1,8.4,25.9,32,3.1,0,0,0.693147180559945,6.57381982201289,3.46573590279973,1.1314021114911,0
"400",9,5,93.3,49.5,297.7,14,28,34,4.5,0,0,1.6094379124341,5.69943972522206,3.52636052461616,1.50407739677627,0
"401",9,5,93.3,49.5,297.7,14,28,34,4.5,0,8.16,1.6094379124341,5.69943972522206,3.52636052461616,1.50407739677627,2.21484617868604
"402",3,4,91.1,88.2,731.7,8.3,22.8,46,4,0,4.95,1.38629436111989,6.59673634116592,3.8286413964891,1.38629436111989,1.78339121955754
"403",9,9,94.8,227,706.7,12,25,36,4,0,0,2.19722457733622,6.56202027508174,3.58351893845611,1.38629436111989,0
"404",8,6,90.7,194.1,643,6.8,21.3,41,3.6,0,0,1.79175946922805,6.46769872610435,3.71357206670431,1.28093384546206,0
"405",2,4,87.9,84.8,725.1,3.7,21.8,34,2.2,0,6.04,1.38629436111989,6.5876877463862,3.52636052461616,0.78845736036427,1.95160817016995
"406",2,2,94.6,212.1,680.9,9.5,27.9,27,2.2,0,0,0.693147180559945,6.52488301952661,3.29583686600433,0.78845736036427,0
"407",6,5,87.1,291.3,860.6,4,17,67,4.9,0,3.95,1.6094379124341,6.75879112584218,4.20469261939097,1.58923520511658,1.5993875765806
"408",4,5,84.7,8.2,55,2.9,14.2,46,4,0,0,1.6094379124341,4.02535169073515,3.8286413964891,1.38629436111989,0
"409",4,3,90.3,290,855.3,7.4,19.9,44,3.1,0,7.8,1.09861228866811,6.75262078203215,3.78418963391826,1.1314021114911,2.17475172148416
"410",1,4,92.3,96.2,450.2,12.1,23.4,31,5.4,0,0,1.38629436111989,6.11191070018385,3.43398720448515,1.68639895357023,0
"411",6,3,84.1,7.3,52.8,2.7,14.7,42,2.7,0,0,1.09861228866811,3.98527346716774,3.73766961828337,0.993251773010283,0
"412",7,4,84.6,3.2,43.6,3.3,8.2,53,9.4,0,4.62,1.38629436111989,3.79773385902602,3.97029191355212,2.24070968927596,1.7263316639056
"413",9,4,92.3,92.1,442.1,9.8,22.8,27,4.5,0,1.63,1.38629436111989,6.09379547820544,3.29583686600433,1.50407739677627,0.966983846189673
"414",7,5,93.7,231.1,715.1,8.4,26.4,33,3.6,0,0,1.6094379124341,6.57381982201289,3.49650756146648,1.28093384546206,0
"415",5,4,93.6,235.1,723.1,10.1,24.1,50,4,0,0,1.38629436111989,6.58492950439478,3.91202300542815,1.38629436111989,0
"416",8,6,94.8,222.4,698.6,13.9,27.5,27,4.9,0,746.28,1.79175946922805,6.55050874314445,3.29583686600433,1.58923520511658,6.61643994756459
"417",6,3,92.7,164.1,575.8,8.9,26.3,39,3.1,0,7.02,1.09861228866811,6.35749558597074,3.66356164612965,1.1314021114911,2.08193842187842
"418",6,5,93.4,17.3,28.3,9.9,13.8,24,5.8,0,0,1.6094379124341,3.37758751602302,3.17805383034795,1.75785791755237,0
"419",2,4,92,203.2,664.5,8.1,24.9,42,5.4,0,2.44,1.38629436111989,6.50053863783517,3.73766961828337,1.68639895357023,1.23547147138531
"420",2,5,91.6,181.3,613,7.6,24.8,36,4,0,3.05,1.6094379124341,6.41999492814714,3.58351893845611,1.38629436111989,1.39871688111845
"421",8,8,91.7,191.4,635.9,7.8,26.2,36,4.5,0,185.76,2.07944154167984,6.45661265737732,3.58351893845611,1.50407739677627,5.22982437010274
"422",2,4,95.2,217.7,690,18,30.8,19,4.5,0,0,1.38629436111989,6.53813982376767,2.94443897916644,1.50407739677627,0
"423",8,6,88.9,263.1,795.9,5.2,29.3,27,3.6,0,6.3,1.79175946922805,6.6807292004037,3.29583686600433,1.28093384546206,1.98787434815435
"424",1,3,91.2,94.3,744.4,8.4,22.3,48,4,0,0.72,1.09861228866811,6.61392098704516,3.87120101090789,1.38629436111989,0.542324290825362
"425",8,6,93.7,231.1,715.1,8.4,26.9,31,3.6,0,4.96,1.79175946922805,6.57381982201289,3.43398720448515,1.28093384546206,1.78507048107726
"426",2,2,91.6,248.4,753.8,6.3,20.4,56,2.2,0,0,0.693147180559945,6.62645281349439,4.02535169073515,0.78845736036427,0
"427",8,6,91.6,248.4,753.8,6.3,20.4,56,2.2,0,0,1.79175946922805,6.62645281349439,4.02535169073515,0.78845736036427,0
"428",2,4,92.1,207,672.6,8.2,27.9,33,2.2,0,2.35,1.38629436111989,6.51263646292812,3.49650756146648,0.78845736036427,1.20896034583698
"429",1,3,94.8,222.4,698.6,13.9,26.2,34,5.8,0,0,1.09861228866811,6.55050874314445,3.52636052461616,1.75785791755237,0
"430",3,4,91.6,181.3,613,7.6,24.6,44,4,0,3.2,1.38629436111989,6.41999492814714,3.78418963391826,1.38629436111989,1.43508452528932
"431",7,4,89.7,287.2,849.3,6.8,19.4,45,3.6,0,0,1.38629436111989,6.74558922839175,3.80666248977032,1.28093384546206,0
"432",1,3,92.1,178,605.3,9.6,23.3,40,4,0,6.36,1.09861228866811,6.40737491307769,3.68887945411394,1.38629436111989,1.99605993274078
"433",8,6,94.8,222.4,698.6,13.9,23.9,38,6.7,0,0,1.79175946922805,6.55050874314445,3.63758615972639,1.90210752639692,0
"434",2,4,93.6,235.1,723.1,10.1,20.9,66,4.9,0,15.34,1.38629436111989,6.58492950439478,4.18965474202643,1.58923520511658,2.79361608943186
"435",1,4,90.6,269.8,811.2,5.5,22.2,45,3.6,0,0,1.38629436111989,6.6997466152522,3.80666248977032,1.28093384546206,0
"436",2,5,90.8,84.7,376.6,5.6,23.8,51,1.8,0,0,1.6094379124341,5.93383543427135,3.93182563272433,0.587786664902119,0
"437",8,6,92.1,207,672.6,8.2,26.8,35,1.3,0,0.54,1.79175946922805,6.51263646292812,3.55534806148941,0.262364264467491,0.431782416425538
"438",8,6,89.4,253.6,768.4,9.7,14.2,73,2.7,0,0,1.79175946922805,6.6456109903182,4.29045944114839,0.993251773010283,0
"439",2,5,93.7,231.1,715.1,8.4,23.6,53,4,0,6.43,1.6094379124341,6.57381982201289,3.97029191355212,1.38629436111989,2.00552585872967
"440",1,3,91.1,91.3,738.1,7.2,19.1,46,2.2,0,0.33,1.09861228866811,6.60543322979084,3.8286413964891,0.78845736036427,0.285178942233662
"441",5,4,90.3,290,855.3,7.4,16.2,58,3.6,0,0,1.38629436111989,6.75262078203215,4.06044301054642,1.28093384546206,0
"442",8,6,92.1,207,672.6,8.2,25.5,29,1.8,0,1.23,1.79175946922805,6.51263646292812,3.36729582998647,0.587786664902119,0.802001585472027
"443",6,5,87.9,24.9,41.6,3.7,10.9,64,3.1,0,3.35,1.6094379124341,3.75185425327532,4.15888308335967,1.1314021114911,1.47017584510059
"444",1,2,90.7,80.9,368.3,16.8,14.8,78,8,0,0,0.693147180559945,5.91160932185852,4.35670882668959,2.07944154167984,0
"445",2,5,90.3,290,855.3,7.4,16.2,58,3.6,0,9.96,1.6094379124341,6.75262078203215,4.06044301054642,1.28093384546206,2.39425228151987
"446",5,5,94,47.9,100.7,10.7,17.3,80,4.5,0,0,1.6094379124341,4.62202730305451,4.38202663467388,1.50407739677627,0
"447",6,5,92,203.2,664.5,8.1,19.1,70,2.2,0,0,1.6094379124341,6.50053863783517,4.24849524204936,0.78845736036427,0
"448",3,4,93.4,17.3,28.3,9.9,8.9,35,8,0,0,1.38629436111989,3.37758751602302,3.55534806148941,2.07944154167984,0
"449",7,4,89.7,284.9,844,10.1,10.5,77,4,0,0,1.38629436111989,6.73933662735717,4.34380542185368,1.38629436111989,0
"450",7,4,91.6,181.3,613,7.6,19.3,61,4.9,0,0,1.38629436111989,6.41999492814714,4.11087386417331,1.58923520511658,0
"451",4,5,95.2,217.7,690,18,23.4,49,5.4,0,6.43,1.6094379124341,6.53813982376767,3.89182029811063,1.68639895357023,2.00552585872967
"452",1,4,90.5,196.8,649.9,16.3,11.8,88,4.9,0,9.71,1.38629436111989,6.47835602057834,4.47733681447821,1.58923520511658,2.37117788445966
"453",7,4,91.5,238.2,730.6,7.5,17.7,65,4,0,0,1.38629436111989,6.59523391651671,4.17438726989564,1.38629436111989,0
"454",4,5,89.4,266.2,803.3,5.6,17.4,54,3.1,0,0,1.6094379124341,6.68997233391002,3.98898404656427,1.1314021114911,0
"455",3,4,91.6,248.4,753.8,6.3,16.8,56,3.1,0,0,1.38629436111989,6.62645281349439,4.02535169073515,1.1314021114911,0
"456",3,4,94.6,160,567.2,16.7,17.9,48,2.7,0,0,1.38629436111989,6.34247346942009,3.87120101090789,0.993251773010283,0
"457",2,4,91.6,248.4,753.8,6.3,16.6,59,2.7,0,0,1.38629436111989,6.62645281349439,4.07753744390572,0.993251773010283,0
"458",1,4,91.7,191.4,635.9,7.8,19.9,50,4,0,82.75,1.38629436111989,6.45661265737732,3.91202300542815,1.38629436111989,4.42783617070518
"459",8,6,93.7,231.1,715.1,8.4,18.9,64,4.9,0,3.32,1.79175946922805,6.57381982201289,4.15888308335967,1.58923520511658,1.46325540225602
"460",7,4,91.6,273.8,819.1,7.7,15.5,72,8,0,1.94,1.38629436111989,6.70942628404237,4.27666611901606,2.07944154167984,1.07840958135059
"461",2,5,93.7,231.1,715.1,8.4,18.9,64,4.9,0,0,1.6094379124341,6.57381982201289,4.15888308335967,1.58923520511658,0
"462",8,6,93.7,231.1,715.1,8.4,18.9,64,4.9,0,0,1.79175946922805,6.57381982201289,4.15888308335967,1.58923520511658,0
"463",1,4,91,276.3,825.1,7.1,14.5,76,7.6,0,3.71,1.38629436111989,6.71671583156846,4.33073334028633,2.02814824729229,1.54968790802833
"464",6,5,75.1,4.4,16.2,1.9,4.6,82,6.3,0,5.39,1.6094379124341,2.84490938381941,4.40671924726425,1.84054963339749,1.85473426838944
"465",6,4,75.1,4.4,16.2,1.9,5.1,77,5.4,0,2.14,1.38629436111989,2.84490938381941,4.34380542185368,1.68639895357023,1.14422279992016
"466",2,2,79.5,3.6,15.3,1.8,4.6,59,0.9,0,6.84,0.693147180559945,2.79116510781272,4.07753744390572,-0.105360515657826,2.05923883436232
"467",6,5,87.2,15.1,36.9,7.1,10.2,45,5.8,0,3.18,1.6094379124341,3.63495111208838,3.80666248977032,1.75785791755237,1.43031124653666
"468",3,4,90.2,18.5,41.1,7.3,11.2,41,5.4,0,5.55,1.38629436111989,3.74004774068834,3.71357206670431,1.68639895357023,1.87946504964716
"469",6,5,91.3,20.6,43.5,8.5,13.3,27,3.6,0,6.61,1.6094379124341,3.79548918917219,3.29583686600433,1.28093384546206,2.02946317187359
"470",6,3,91,14.6,25.6,12.3,13.7,33,9.4,0,61.13,1.09861228866811,3.28091121578765,3.49650756146648,2.24070968927596,4.1292289640756
"471",5,4,91,14.6,25.6,12.3,17.6,27,5.8,0,0,1.38629436111989,3.28091121578765,3.29583686600433,1.75785791755237,0
"472",4,3,89.6,25.4,73.7,5.7,18,40,4,0,38.48,1.09861228866811,4.31348009213877,3.68887945411394,1.38629436111989,3.67579421456528
"473",8,3,88.2,96.2,229,4.7,14.3,79,4,0,1.94,1.09861228866811,5.4380793089232,4.36944785246702,1.38629436111989,1.07840958135059
"474",9,4,90.5,61.1,252.6,9.4,24.5,50,3.1,0,70.32,1.38629436111989,5.53575822256307,3.91202300542815,1.1314021114911,4.26717679299494
"475",4,3,93,103.8,316.7,10.8,26.4,35,2.7,0,10.08,1.09861228866811,5.76110754127547,3.55534806148941,0.993251773010283,2.40514168131914
"476",2,5,93.7,121.7,350.2,18,22.7,40,9.4,0,3.19,1.6094379124341,5.86135586176096,3.68887945411394,2.24070968927596,1.43270073393405
"477",4,3,93.5,85.3,395,9.9,27.2,28,1.3,0,1.76,1.09861228866811,5.98141421125448,3.3322045101752,0.262364264467491,1.01523067972906
"478",4,3,93.7,101.3,423.4,14.7,26.1,45,4,0,7.36,1.09861228866811,6.05067640673983,3.80666248977032,1.38629436111989,2.12345842709661
"479",7,4,93.7,101.3,423.4,14.7,18.2,82,4.5,0,2.21,1.38629436111989,6.05067640673983,4.40671924726425,1.50407739677627,1.16627093714192
"480",7,4,89.2,103.9,431.6,6.4,22.6,57,4.9,0,278.53,1.38629436111989,6.06981351351896,4.04305126783455,1.58923520511658,5.63310962136115
"481",9,9,93.2,114.4,560,9.5,30.2,25,4.5,0,2.75,2.19722457733622,6.3297209055227,3.2188758248682,1.50407739677627,1.32175583998232
"482",4,3,93.2,114.4,560,9.5,30.2,22,4.9,0,0,1.09861228866811,6.3297209055227,3.09104245335832,1.58923520511658,0
"483",3,4,94.9,130.3,587.1,14.1,23.4,40,5.8,0,1.29,1.38629436111989,6.37689700146591,3.68887945411394,1.75785791755237,0.828551817566148
"484",8,6,94.9,130.3,587.1,14.1,31,27,5.4,0,0,1.79175946922805,6.37689700146591,3.29583686600433,1.68639895357023,0
"485",2,5,94.9,130.3,587.1,14.1,33.1,25,4,0,26.43,1.6094379124341,6.37689700146591,3.2188758248682,1.38629436111989,3.31163730494951
"486",2,4,95,135.5,596.3,21.3,30.6,28,3.6,0,2.07,1.38629436111989,6.39241949973826,3.3322045101752,1.28093384546206,1.12167756159911
"487",5,4,95.1,141.3,605.8,17.7,24.1,43,6.3,0,2,1.38629436111989,6.40819924747438,3.76120011569356,1.84054963339749,1.09861228866811
"488",5,4,95.1,141.3,605.8,17.7,26.4,34,3.6,0,16.4,1.38629436111989,6.40819924747438,3.52636052461616,1.28093384546206,2.85647020622048
"489",4,4,95.1,141.3,605.8,17.7,19.4,71,7.6,0,46.7,1.38629436111989,6.40819924747438,4.26267987704132,2.02814824729229,3.8649313978943
"490",4,4,95.1,141.3,605.8,17.7,20.6,58,1.3,0,0,1.38629436111989,6.40819924747438,4.06044301054642,0.262364264467491,0
"491",4,4,95.1,141.3,605.8,17.7,28.7,33,4,0,0,1.38629436111989,6.40819924747438,3.49650756146648,1.38629436111989,0
"492",4,4,95.8,152,624.1,13.8,32.4,21,4.5,0,0,1.38629436111989,6.43791163693777,3.04452243772342,1.50407739677627,0
"493",1,3,95.9,158,633.6,11.3,32.4,27,2.2,0,0,1.09861228866811,6.4529948791491,3.29583686600433,0.78845736036427,0
"494",1,3,95.9,158,633.6,11.3,27.5,29,4.5,0,43.32,1.09861228866811,6.4529948791491,3.36729582998647,1.50407739677627,3.79143604243903
"495",6,6,96,164,643,14,30.8,30,4.9,0,8.59,1.79175946922805,6.46769872610435,3.40119738166216,1.58923520511658,2.26072088889535
"496",6,6,96.2,175.5,661.8,16.8,23.9,42,2.2,0,0,1.79175946922805,6.49647328555241,3.73766961828337,0.78845736036427,0
"497",4,5,96.2,175.5,661.8,16.8,32.6,26,3.1,0,2.77,1.6094379124341,6.49647328555241,3.25809653802148,1.1314021114911,1.32707500145992
"498",3,4,96.1,181.1,671.2,14.3,32.3,27,2.2,0,14.68,1.38629436111989,6.51055591529101,3.29583686600433,0.78845736036427,2.75238601492226
"499",6,5,96.1,181.1,671.2,14.3,33.3,26,2.7,0,40.54,1.6094379124341,6.51055591529101,3.25809653802148,0.993251773010283,3.72665681844797
"500",7,5,96.1,181.1,671.2,14.3,27.3,63,4.9,6.4,10.82,1.6094379124341,6.51055591529101,4.14313472639153,1.58923520511658,2.46979301197795
"501",8,6,96.1,181.1,671.2,14.3,21.6,65,4.9,0.8,0,1.79175946922805,6.51055591529101,4.17438726989564,1.58923520511658,0
"502",7,5,96.1,181.1,671.2,14.3,21.6,65,4.9,0.8,0,1.6094379124341,6.51055591529101,4.17438726989564,1.58923520511658,0
"503",4,4,96.1,181.1,671.2,14.3,20.7,69,4.9,0.4,0,1.38629436111989,6.51055591529101,4.23410650459726,1.58923520511658,0
"504",2,4,94.5,139.4,689.1,20,29.2,30,4.9,0,1.95,1.38629436111989,6.53683651462656,3.40119738166216,1.58923520511658,1.08180517035173
"505",4,3,94.5,139.4,689.1,20,28.9,29,4.9,0,49.59,1.09861228866811,6.53683651462656,3.36729582998647,1.58923520511658,3.92375392830384
"506",1,2,91,163.2,744.4,10.1,26.7,35,1.8,0,5.8,0.693147180559945,6.61392098704516,3.55534806148941,0.587786664902119,1.91692261218206
"507",1,2,91,166.9,752.6,7.1,18.5,73,8.5,0,0,0.693147180559945,6.62486172326215,4.29045944114839,2.14006616349627,0
"508",2,4,91,166.9,752.6,7.1,25.9,41,3.6,0,0,1.38629436111989,6.62486172326215,3.71357206670431,1.28093384546206,0
"509",1,2,91,166.9,752.6,7.1,25.9,41,3.6,0,0,0.693147180559945,6.62486172326215,3.71357206670431,1.28093384546206,0
"510",5,4,91,166.9,752.6,7.1,21.1,71,7.6,1.4,2.17,1.38629436111989,6.62486172326215,4.26267987704132,2.02814824729229,1.15373158788919
"511",6,5,91,166.9,752.6,7.1,18.2,62,5.4,0,0.43,1.6094379124341,6.62486172326215,4.12713438504509,1.68639895357023,0.357674444271816
"512",8,6,81.6,56.7,665.6,1.9,27.8,35,2.7,0,0,1.79175946922805,6.50219016587364,3.55534806148941,0.993251773010283,0
"513",4,3,81.6,56.7,665.6,1.9,27.8,32,2.7,0,6.44,1.09861228866811,6.50219016587364,3.46573590279973,0.993251773010283,2.006870848845
"514",2,4,81.6,56.7,665.6,1.9,21.9,71,5.8,0,54.29,1.38629436111989,6.50219016587364,4.26267987704132,1.75785791755237,4.01259206034984
"515",7,4,81.6,56.7,665.6,1.9,21.2,70,6.7,0,11.16,1.38629436111989,6.50219016587364,4.24849524204936,1.90210752639692,2.49815187653802
"516",1,4,94.4,146,614.7,11.3,25.6,42,4,0,0,1.38629436111989,6.42275983191716,3.73766961828337,1.38629436111989,0
"517",6,3,79.5,3,106.7,1.1,11.8,31,4.5,0,0,1.09861228866811,4.67934958416234,3.43398720448515,1.50407739677627,0
